{"cameraMode":{"drawMode":0,"name":"Shaded","section":"Shading Mode"},"sceneLighting":true,"audioPlay":false,"sceneViewState":{"showFog":true,"showMaterialUpdate":false,"showSkybox":true,"showFlares":true,"showImageEffects":true,"showParticleSystems":true},"in2DMode":false,"pivot":{"x":-3.0576863288879396,"y":1.2996491193771363,"z":1.7405178546905518},"rotation":{"x":-0.10900246351957321,"y":-0.8116384744644165,"z":0.16056746244430543,"w":-0.5509845018386841},"size":2.1361958980560304,"orthographic":false}