{"cameraMode":{"drawMode":0,"name":"Shaded","section":"Shading Mode"},"sceneLighting":true,"audioPlay":false,"sceneViewState":{"showFog":true,"showMaterialUpdate":false,"showSkybox":true,"showFlares":true,"showImageEffects":true,"showParticleSystems":true},"in2DMode":false,"pivot":{"x":103.14060974121094,"y":393.4531555175781,"z":0.0},"rotation":{"x":-0.0018096350831910968,"y":0.000597083882894367,"z":-9.407014545104175e-7,"w":-0.9999992251396179},"size":109.09430694580078,"orthographic":false}