{"cameraMode":{"drawMode":0,"name":"Shaded","section":"Shading Mode"},"sceneLighting":false,"audioPlay":false,"sceneViewState":{"showFog":true,"showMaterialUpdate":false,"showSkybox":false,"showFlares":true,"showImageEffects":true,"showParticleSystems":true},"in2DMode":false,"pivot":{"x":718.0103759765625,"y":202.67999267578126,"z":0.0},"rotation":{"x":-0.0018096350831910968,"y":0.000597083882894367,"z":-9.407014545104175e-7,"w":-0.9999992251396179},"size":982.0433349609375,"orthographic":false}