{"cameraMode":{"drawMode":0,"name":"Shaded","section":"Shading Mode"},"sceneLighting":false,"audioPlay":false,"sceneViewState":{"showFog":true,"showMaterialUpdate":false,"showSkybox":false,"showFlares":true,"showImageEffects":true,"showParticleSystems":true},"in2DMode":false,"pivot":{"x":1268.989990234375,"y":-81.88894653320313,"z":0.0},"rotation":{"x":0.08866140246391297,"y":-0.02689439058303833,"z":0.0023944051936268808,"w":0.9957046508789063},"size":1914.9278564453125,"orthographic":false}