{"cameraMode":{"drawMode":0,"name":"Shaded","section":"Shading Mode"},"sceneLighting":true,"audioPlay":false,"sceneViewState":{"showFog":true,"showMaterialUpdate":false,"showSkybox":true,"showFlares":true,"showImageEffects":true,"showParticleSystems":true},"in2DMode":false,"pivot":{"x":-0.00015424257435370237,"y":0.45900458097457888,"z":-0.0030899690464138986},"rotation":{"x":-0.034715935587882999,"y":0.9652222990989685,"z":-0.17744602262973786,"w":-0.1888359636068344},"size":2.259014844894409,"orthographic":false}