{"cameraMode":{"drawMode":0,"name":"Shaded","section":"Shading Mode"},"sceneLighting":false,"audioPlay":false,"sceneViewState":{"showFog":true,"showMaterialUpdate":false,"showSkybox":false,"showFlares":true,"showImageEffects":true,"showParticleSystems":true},"in2DMode":false,"pivot":{"x":-3.6354756355285646,"y":0.7463847398757935,"z":2.416680097579956},"rotation":{"x":0.0033091215882450344,"y":-0.01800292357802391,"z":0.000059283625887474045,"w":0.999841570854187},"size":2.6738028526306154,"orthographic":false}