{"cameraMode":{"drawMode":0,"name":"Shaded","section":"Shading Mode"},"sceneLighting":true,"audioPlay":false,"sceneViewState":{"showFog":true,"showMaterialUpdate":false,"showSkybox":true,"showFlares":true,"showImageEffects":true,"showParticleSystems":true},"in2DMode":false,"pivot":{"x":380.9721984863281,"y":228.62075805664063,"z":3.645477294921875},"rotation":{"x":0.007789541967213154,"y":-0.07194028049707413,"z":0.000560617190785706,"w":0.9973876476287842},"size":68.73310852050781,"orthographic":false}