{"cameraMode":{"drawMode":0,"name":"Shaded","section":"Shading Mode"},"sceneLighting":false,"audioPlay":false,"sceneViewState":{"showFog":true,"showMaterialUpdate":false,"showSkybox":false,"showFlares":true,"showImageEffects":true,"showParticleSystems":true},"in2DMode":false,"pivot":{"x":826.5103759765625,"y":216.17999267578126,"z":0.0},"rotation":{"x":0.08866140246391297,"y":-0.02689439058303833,"z":0.0023944051936268808,"w":0.9957046508789063},"size":982.0433349609375,"orthographic":false}