{"cameraMode":{"drawMode":0,"name":"Shaded","section":"Shading Mode"},"sceneLighting":true,"audioPlay":false,"sceneViewState":{"showFog":true,"showMaterialUpdate":false,"showSkybox":true,"showFlares":true,"showImageEffects":true,"showParticleSystems":true},"in2DMode":false,"pivot":{"x":368.30548095703127,"y":216.52484130859376,"z":2024.270263671875},"rotation":{"x":-0.005690140184015036,"y":-0.006003862246870995,"z":-0.00003430798460613005,"w":0.9999713897705078},"size":1233.3314208984375,"orthographic":false}