{"cameraMode":{"drawMode":0,"name":"Shaded","section":"Shading Mode"},"sceneLighting":false,"audioPlay":false,"sceneViewState":{"showFog":true,"showMaterialUpdate":false,"showSkybox":false,"showFlares":true,"showImageEffects":true,"showParticleSystems":true},"in2DMode":false,"pivot":{"x":75.32025146484375,"y":106.93050384521485,"z":4.17822265625},"rotation":{"x":0.01980670541524887,"y":0.013493248261511326,"z":-0.0002676169387996197,"w":0.9997215867042542},"size":378.5536193847656,"orthographic":false}