{"cameraMode":{"drawMode":0,"name":"Shaded","section":"Shading Mode"},"sceneLighting":false,"audioPlay":false,"sceneViewState":{"showFog":true,"showMaterialUpdate":false,"showSkybox":true,"showFlares":true,"showImageEffects":true,"showParticleSystems":true},"in2DMode":false,"pivot":{"x":294.96136474609377,"y":220.5115203857422,"z":1.5403594970703126},"rotation":{"x":0.02639373391866684,"y":0.011679512448608876,"z":-0.00031104974914342165,"w":0.9995957612991333},"size":180.07608032226563,"orthographic":false}