{"cameraMode":{"drawMode":0,"name":"Shaded","section":"Shading Mode"},"sceneLighting":false,"audioPlay":false,"sceneViewState":{"showFog":true,"showMaterialUpdate":false,"showSkybox":true,"showFlares":true,"showImageEffects":true,"showParticleSystems":true},"in2DMode":false,"pivot":{"x":-2.8695590496063234,"y":0.7793959379196167,"z":0.39570188522338869},"rotation":{"x":-0.2673516869544983,"y":0.1461593061685562,"z":-0.0410645417869091,"w":-0.9515668153762817},"size":4.1025071144104,"orthographic":false}