{"cameraMode":{"drawMode":0,"name":"Shaded","section":"Shading Mode"},"sceneLighting":false,"audioPlay":false,"sceneViewState":{"showFog":true,"showMaterialUpdate":false,"showSkybox":false,"showFlares":true,"showImageEffects":true,"showParticleSystems":true},"in2DMode":false,"pivot":{"x":579.0594482421875,"y":188.732421875,"z":13.894775390625},"rotation":{"x":-0.04887470230460167,"y":0.012891636230051518,"z":-0.0006305774440988898,"w":-0.9987248182296753},"size":576.7727661132813,"orthographic":false}