{"cameraMode":{"drawMode":0,"name":"Shaded","section":"Shading Mode"},"sceneLighting":false,"audioPlay":false,"sceneViewState":{"showFog":true,"showMaterialUpdate":false,"showSkybox":false,"showFlares":true,"showImageEffects":true,"showParticleSystems":true},"in2DMode":false,"pivot":{"x":382.0999450683594,"y":205.73545837402345,"z":0.0},"rotation":{"x":0.031185010448098184,"y":0.003595250891521573,"z":0.00011206664930796251,"w":-0.9995079040527344},"size":847.9982299804688,"orthographic":false}