{"cameraMode":{"drawMode":0,"name":"Shaded","section":"Shading Mode"},"sceneLighting":false,"audioPlay":false,"sceneViewState":{"showFog":true,"showMaterialUpdate":false,"showSkybox":true,"showFlares":true,"showImageEffects":true,"showParticleSystems":true},"in2DMode":false,"pivot":{"x":-2.834136486053467,"y":0.752776026725769,"z":0.33399152755737307},"rotation":{"x":-0.09009946882724762,"y":0.043903157114982608,"z":-0.00397580536082387,"w":-0.9949572682380676},"size":2.0275304317474367,"orthographic":false}