{"cameraMode":{"drawMode":0,"name":"Shaded","section":"Shading Mode"},"sceneLighting":false,"audioPlay":false,"sceneViewState":{"showFog":true,"showMaterialUpdate":false,"showSkybox":true,"showFlares":true,"showImageEffects":true,"showParticleSystems":true},"in2DMode":false,"pivot":{"x":375.7544250488281,"y":199.34042358398438,"z":1326.938720703125},"rotation":{"x":0.031185010448098184,"y":0.003595250891521573,"z":0.00011206664930796251,"w":-0.9995079040527344},"size":725.7614135742188,"orthographic":false}