{"cameraMode":{"drawMode":0,"name":"Shaded","section":"Shading Mode"},"sceneLighting":false,"audioPlay":false,"sceneViewState":{"showFog":true,"showMaterialUpdate":false,"showSkybox":true,"showFlares":true,"showImageEffects":true,"showParticleSystems":true},"in2DMode":false,"pivot":{"x":-14.5,"y":1.7300000190734864,"z":11.09000015258789},"rotation":{"x":-0.11104302853345871,"y":0.47593051195144656,"z":-0.06071791425347328,"w":-0.8703389763832092},"size":0.6101693511009216,"orthographic":false}