{"cameraMode":{"drawMode":0,"name":"Shaded","section":"Shading Mode"},"sceneLighting":false,"audioPlay":false,"sceneViewState":{"showFog":true,"showMaterialUpdate":false,"showSkybox":false,"showFlares":true,"showImageEffects":true,"showParticleSystems":true},"in2DMode":false,"pivot":{"x":365.16180419921877,"y":103.63040161132813,"z":83.752685546875},"rotation":{"x":-0.0278945192694664,"y":0.002406446263194084,"z":-0.00006682851380901411,"w":-0.999612033367157},"size":776.4595947265625,"orthographic":false}