{"cameraMode":{"drawMode":0,"name":"Shaded","section":"Shading Mode"},"sceneLighting":false,"audioPlay":false,"sceneViewState":{"showFog":true,"showMaterialUpdate":false,"showSkybox":true,"showFlares":true,"showImageEffects":true,"showParticleSystems":true},"in2DMode":false,"pivot":{"x":398.508544921875,"y":276.9165954589844,"z":-88.08401489257813},"rotation":{"x":-0.046792738139629367,"y":0.0005964167066849768,"z":-0.00002804245741572231,"w":-0.9989050030708313},"size":202.24249267578126,"orthographic":false}