{"cameraMode":{"drawMode":0,"name":"Shaded","section":"Shading Mode"},"sceneLighting":false,"audioPlay":false,"sceneViewState":{"showFog":true,"showMaterialUpdate":false,"showSkybox":true,"showFlares":true,"showImageEffects":true,"showParticleSystems":true},"in2DMode":false,"pivot":{"x":439.9072265625,"y":220.68319702148438,"z":1328.3544921875},"rotation":{"x":-0.024295801296830179,"y":-0.030888941138982774,"z":0.0007509386632591486,"w":-0.9992281794548035},"size":1061.2012939453125,"orthographic":false}