{"cameraMode":{"drawMode":0,"name":"Shaded","section":"Shading Mode"},"sceneLighting":false,"audioPlay":false,"sceneViewState":{"showFog":true,"showMaterialUpdate":false,"showSkybox":true,"showFlares":true,"showImageEffects":true,"showParticleSystems":true},"in2DMode":false,"pivot":{"x":206.12649536132813,"y":352.932861328125,"z":7.818756103515625},"rotation":{"x":-0.09009946882724762,"y":0.043903157114982608,"z":-0.00397580536082387,"w":-0.9949572682380676},"size":98.1962890625,"orthographic":false}