{"cameraMode":{"drawMode":0,"name":"Shaded","section":"Shading Mode"},"sceneLighting":false,"audioPlay":false,"sceneViewState":{"showFog":true,"showMaterialUpdate":false,"showSkybox":true,"showFlares":true,"showImageEffects":true,"showParticleSystems":true},"in2DMode":false,"pivot":{"x":351.9931640625,"y":259.25482177734377,"z":2.2548675537109377},"rotation":{"x":0.02639373391866684,"y":0.011679512448608876,"z":-0.00031104974914342165,"w":0.9995957612991333},"size":169.99200439453126,"orthographic":false}