{"cameraMode":{"drawMode":0,"name":"Shaded","section":"Shading Mode"},"sceneLighting":false,"audioPlay":false,"sceneViewState":{"showFog":true,"showMaterialUpdate":false,"showSkybox":true,"showFlares":true,"showImageEffects":true,"showParticleSystems":true},"in2DMode":false,"pivot":{"x":397.5051574707031,"y":230.1039581298828,"z":1.63720703125},"rotation":{"x":0.054860670119524,"y":-0.01978549174964428,"z":0.0010843463242053986,"w":0.9983091354370117},"size":254.31224060058595,"orthographic":false}