{"cameraMode":{"drawMode":0,"name":"Shaded","section":"Shading Mode"},"sceneLighting":false,"audioPlay":false,"sceneViewState":{"showFog":true,"showMaterialUpdate":false,"showSkybox":false,"showFlares":true,"showImageEffects":true,"showParticleSystems":true},"in2DMode":false,"pivot":{"x":446.0404968261719,"y":206.90000915527345,"z":0.0},"rotation":{"x":-0.015896450728178026,"y":0.012906854040920735,"z":-0.00020381093781907111,"w":-0.9998083114624023},"size":990.411376953125,"orthographic":false}