{"cameraMode":{"drawMode":0,"name":"Shaded","section":"Shading Mode"},"sceneLighting":false,"audioPlay":false,"sceneViewState":{"showFog":true,"showMaterialUpdate":false,"showSkybox":true,"showFlares":true,"showImageEffects":true,"showParticleSystems":true},"in2DMode":false,"pivot":{"x":-14.35805606842041,"y":0.37083637714385989,"z":11.348210334777832},"rotation":{"x":-0.09660955518484116,"y":0.6068899035453796,"z":-0.07465473562479019,"w":-0.7853564023971558},"size":1.8964588642120362,"orthographic":false}